,Ind,Tru,Sampled Ancestors Turnover,ident
0,0,9.85,9.88196170048,Sampled Ancestor Model
1,0,9.85,10.2484604508,Sampled Ancestor Model
2,0,9.85,9.85402667854,Sampled Ancestor Model
3,0,9.85,9.89282460816,Sampled Ancestor Model
4,0,9.85,10.007004633,Sampled Ancestor Model
5,0,9.85,9.90158659717,Sampled Ancestor Model
6,0,9.85,9.85825195546,Sampled Ancestor Model
7,0,9.85,10.2245897866,Sampled Ancestor Model
8,0,9.85,9.92805156412,Sampled Ancestor Model
9,0,9.85,9.89900370327,Sampled Ancestor Model
10,0,9.85,10.0183434906,Sampled Ancestor Model
11,0,9.85,9.85753353949,Sampled Ancestor Model
12,0,9.85,10.2897603329,Sampled Ancestor Model
13,0,9.85,9.93486370809,Sampled Ancestor Model
14,0,9.85,10.0326991374,Sampled Ancestor Model
15,0,9.85,9.98443103423,Sampled Ancestor Model
16,0,9.85,9.82774844318,Sampled Ancestor Model
17,0,9.85,10.0983036027,Sampled Ancestor Model
18,0,9.85,9.88920431459,Sampled Ancestor Model
19,0,9.85,10.0866582016,Sampled Ancestor Model
20,0,9.85,10.0022593914,Sampled Ancestor Model
21,0,9.85,10.0335667685,Sampled Ancestor Model
22,0,9.85,9.92944839698,Sampled Ancestor Model
23,0,9.85,10.0604565264,Sampled Ancestor Model
24,0,9.85,9.89819027097,Sampled Ancestor Model
25,0,9.85,9.95075393928,Sampled Ancestor Model
26,0,9.85,9.92156318259,Sampled Ancestor Model
27,0,9.85,10.1084200764,Sampled Ancestor Model
28,0,9.85,10.0203136606,Sampled Ancestor Model
29,0,9.85,9.89392202614,Sampled Ancestor Model
30,0,9.85,10.0073726461,Sampled Ancestor Model
31,0,9.85,10.1329773934,Sampled Ancestor Model
32,0,9.85,10.0044293687,Sampled Ancestor Model
33,0,9.85,10.0421953909,Sampled Ancestor Model
34,0,9.85,10.0178339214,Sampled Ancestor Model
35,0,9.85,9.92585447514,Sampled Ancestor Model
36,0,9.85,9.89204194269,Sampled Ancestor Model
37,0,9.85,9.93596158652,Sampled Ancestor Model
38,0,9.85,9.95379084148,Sampled Ancestor Model
39,0,9.85,10.2727319988,Sampled Ancestor Model
40,0,9.85,10.0271851019,Sampled Ancestor Model
41,0,9.85,10.776371387,Sampled Ancestor Model
42,0,9.85,10.1784400812,Sampled Ancestor Model
43,0,9.85,10.1025125494,Sampled Ancestor Model
44,0,9.85,9.93025440148,Sampled Ancestor Model
45,0,9.85,9.96108258979,Sampled Ancestor Model
46,0,9.85,9.85981526047,Sampled Ancestor Model
47,0,9.85,9.87860675981,Sampled Ancestor Model
48,0,9.85,10.0278889434,Sampled Ancestor Model
49,0,9.85,9.89303660465,Sampled Ancestor Model
0,0,9.89,15.9082901117,Sampled Ancestor Model
1,0,9.89,15.4205052608,Sampled Ancestor Model
2,0,9.89,17.3346145262,Sampled Ancestor Model
3,0,9.89,14.8240795939,Sampled Ancestor Model
4,0,9.89,16.0751883278,Sampled Ancestor Model
5,0,9.89,16.0244512866,Sampled Ancestor Model
6,0,9.89,15.397430401,Sampled Ancestor Model
7,0,9.89,15.6684467835,Sampled Ancestor Model
8,0,9.89,18.3461792785,Sampled Ancestor Model
9,0,9.89,15.9145603135,Sampled Ancestor Model
10,0,9.89,16.4228575492,Sampled Ancestor Model
11,0,9.89,16.6273129562,Sampled Ancestor Model
12,0,9.89,15.013070631,Sampled Ancestor Model
13,0,9.89,15.3836835201,Sampled Ancestor Model
14,0,9.89,15.2700676728,Sampled Ancestor Model
15,0,9.89,16.188579228,Sampled Ancestor Model
16,0,9.89,16.4248980723,Sampled Ancestor Model
17,0,9.89,15.8344695367,Sampled Ancestor Model
18,0,9.89,15.5023792349,Sampled Ancestor Model
19,0,9.89,15.9228661995,Sampled Ancestor Model
20,0,9.89,15.6673730951,Sampled Ancestor Model
21,0,9.89,15.344553715,Sampled Ancestor Model
22,0,9.89,14.8280074805,Sampled Ancestor Model
23,0,9.89,15.5018896225,Sampled Ancestor Model
24,0,9.89,15.2451730656,Sampled Ancestor Model
25,0,9.89,16.7694350973,Sampled Ancestor Model
26,0,9.89,15.4507050146,Sampled Ancestor Model
27,0,9.89,16.1374417892,Sampled Ancestor Model
28,0,9.89,16.1158754672,Sampled Ancestor Model
29,0,9.89,14.48451649,Sampled Ancestor Model
30,0,9.89,15.8045109008,Sampled Ancestor Model
31,0,9.89,15.421492774,Sampled Ancestor Model
32,0,9.89,15.4343971485,Sampled Ancestor Model
33,0,9.89,15.2411802132,Sampled Ancestor Model
34,0,9.89,15.2367178512,Sampled Ancestor Model
35,0,9.89,15.6205043861,Sampled Ancestor Model
36,0,9.89,15.2864623388,Sampled Ancestor Model
37,0,9.89,16.0396899106,Sampled Ancestor Model
38,0,9.89,16.1779824481,Sampled Ancestor Model
39,0,9.89,16.3155079469,Sampled Ancestor Model
40,0,9.89,15.5988730055,Sampled Ancestor Model
41,0,9.89,15.6657369844,Sampled Ancestor Model
42,0,9.89,15.3786104528,Sampled Ancestor Model
43,0,9.89,14.8356744151,Sampled Ancestor Model
44,0,9.89,16.379436956,Sampled Ancestor Model
45,0,9.89,16.7126296,Sampled Ancestor Model
46,0,9.89,17.346688288,Sampled Ancestor Model
0,0,13.21,12.8981353287,Sampled Ancestor Model
1,0,13.21,12.9226930731,Sampled Ancestor Model
2,0,13.21,12.9213907958,Sampled Ancestor Model
3,0,13.21,12.9083909976,Sampled Ancestor Model
4,0,13.21,12.8972643026,Sampled Ancestor Model
5,0,13.21,12.9264693347,Sampled Ancestor Model
6,0,13.21,12.8893372326,Sampled Ancestor Model
7,0,13.21,12.7955583799,Sampled Ancestor Model
8,0,13.21,12.9594714387,Sampled Ancestor Model
9,0,13.21,12.9572753876,Sampled Ancestor Model
10,0,13.21,12.9090686375,Sampled Ancestor Model
11,0,13.21,12.9106949891,Sampled Ancestor Model
12,0,13.21,12.9108502817,Sampled Ancestor Model
13,0,13.21,12.9632091807,Sampled Ancestor Model
14,0,13.21,12.9024649502,Sampled Ancestor Model
15,0,13.21,12.9230437508,Sampled Ancestor Model
16,0,13.21,12.8659000198,Sampled Ancestor Model
17,0,13.21,12.905727131,Sampled Ancestor Model
18,0,13.21,12.9404763791,Sampled Ancestor Model
19,0,13.21,12.8974515968,Sampled Ancestor Model
20,0,13.21,12.8849333841,Sampled Ancestor Model
21,0,13.21,12.8746134336,Sampled Ancestor Model
22,0,13.21,12.8829470768,Sampled Ancestor Model
23,0,13.21,12.8867659384,Sampled Ancestor Model
24,0,13.21,12.9348954669,Sampled Ancestor Model
25,0,13.21,12.9006305132,Sampled Ancestor Model
26,0,13.21,12.9190469434,Sampled Ancestor Model
27,0,13.21,12.9419929446,Sampled Ancestor Model
28,0,13.21,12.870629059,Sampled Ancestor Model
29,0,13.21,12.9036067058,Sampled Ancestor Model
30,0,13.21,12.937478503,Sampled Ancestor Model
31,0,13.21,12.9660785183,Sampled Ancestor Model
32,0,13.21,12.8183149589,Sampled Ancestor Model
33,0,13.21,12.9463568598,Sampled Ancestor Model
34,0,13.21,12.9724080509,Sampled Ancestor Model
35,0,13.21,12.9627118402,Sampled Ancestor Model
36,0,13.21,12.972159612,Sampled Ancestor Model
37,0,13.21,12.8706607078,Sampled Ancestor Model
38,0,13.21,12.9131358002,Sampled Ancestor Model
39,0,13.21,12.9634175104,Sampled Ancestor Model
40,0,13.21,12.9044024936,Sampled Ancestor Model
41,0,13.21,12.9023085357,Sampled Ancestor Model
42,0,13.21,12.9155424792,Sampled Ancestor Model
43,0,13.21,12.9418798555,Sampled Ancestor Model
44,0,13.21,12.9343218447,Sampled Ancestor Model
45,0,13.21,12.7822051765,Sampled Ancestor Model
46,0,13.21,12.9168140608,Sampled Ancestor Model
47,0,13.21,12.9769172316,Sampled Ancestor Model
48,0,13.21,12.9356819302,Sampled Ancestor Model
49,0,13.21,12.9624736892,Sampled Ancestor Model
0,0,4.91,6.02048360295,Sampled Ancestor Model
1,0,4.91,6.18701691095,Sampled Ancestor Model
2,0,4.91,6.22978774032,Sampled Ancestor Model
3,0,4.91,5.96431209205,Sampled Ancestor Model
4,0,4.91,6.04741094685,Sampled Ancestor Model
5,0,4.91,6.03423979763,Sampled Ancestor Model
6,0,4.91,5.99945992018,Sampled Ancestor Model
7,0,4.91,6.00988604978,Sampled Ancestor Model
8,0,4.91,6.06494955795,Sampled Ancestor Model
9,0,4.91,6.04912980464,Sampled Ancestor Model
10,0,4.91,5.9507732292,Sampled Ancestor Model
11,0,4.91,5.98597119452,Sampled Ancestor Model
12,0,4.91,5.97243183071,Sampled Ancestor Model
13,0,4.91,6.04620683362,Sampled Ancestor Model
14,0,4.91,6.07940431673,Sampled Ancestor Model
15,0,4.91,6.05603062056,Sampled Ancestor Model
16,0,4.91,6.32056367226,Sampled Ancestor Model
17,0,4.91,6.44727056226,Sampled Ancestor Model
18,0,4.91,6.41754913172,Sampled Ancestor Model
19,0,4.91,6.30820374914,Sampled Ancestor Model
20,0,4.91,6.17301969088,Sampled Ancestor Model
21,0,4.91,6.09314123341,Sampled Ancestor Model
22,0,4.91,6.59874327915,Sampled Ancestor Model
23,0,4.91,6.25680663703,Sampled Ancestor Model
24,0,4.91,6.10554079415,Sampled Ancestor Model
25,0,4.91,6.05067619457,Sampled Ancestor Model
26,0,4.91,6.14694689301,Sampled Ancestor Model
27,0,4.91,6.11189609519,Sampled Ancestor Model
28,0,4.91,6.22390540017,Sampled Ancestor Model
29,0,4.91,5.87239611139,Sampled Ancestor Model
30,0,4.91,6.07789426675,Sampled Ancestor Model
31,0,4.91,5.99587580321,Sampled Ancestor Model
32,0,4.91,6.01933744717,Sampled Ancestor Model
33,0,4.91,6.07721360709,Sampled Ancestor Model
34,0,4.91,5.99738655258,Sampled Ancestor Model
35,0,4.91,6.07301988759,Sampled Ancestor Model
36,0,4.91,6.02951863421,Sampled Ancestor Model
37,0,4.91,5.94710122346,Sampled Ancestor Model
38,0,4.91,5.89626318497,Sampled Ancestor Model
39,0,4.91,6.00250707549,Sampled Ancestor Model
40,0,4.91,6.12699355629,Sampled Ancestor Model
41,0,4.91,6.24728127192,Sampled Ancestor Model
42,0,4.91,5.96197452984,Sampled Ancestor Model
43,0,4.91,5.92503878221,Sampled Ancestor Model
44,0,4.91,6.09763079719,Sampled Ancestor Model
45,0,4.91,6.01534522808,Sampled Ancestor Model
46,0,4.91,6.04983006841,Sampled Ancestor Model
47,0,4.91,5.92354346905,Sampled Ancestor Model
48,0,4.91,6.12609248807,Sampled Ancestor Model
0,0,8.07,8.95199692034,Sampled Ancestor Model
1,0,8.07,9.12148420157,Sampled Ancestor Model
2,0,8.07,8.92552864865,Sampled Ancestor Model
3,0,8.07,8.97770982823,Sampled Ancestor Model
4,0,8.07,8.93046288348,Sampled Ancestor Model
5,0,8.07,8.92543828498,Sampled Ancestor Model
6,0,8.07,8.98619297049,Sampled Ancestor Model
7,0,8.07,8.94766359381,Sampled Ancestor Model
8,0,8.07,8.95149879836,Sampled Ancestor Model
9,0,8.07,9.06299370753,Sampled Ancestor Model
10,0,8.07,9.01213782533,Sampled Ancestor Model
11,0,8.07,9.01509721574,Sampled Ancestor Model
12,0,8.07,9.14778253478,Sampled Ancestor Model
13,0,8.07,8.93047037168,Sampled Ancestor Model
14,0,8.07,8.92994110064,Sampled Ancestor Model
15,0,8.07,9.00111383809,Sampled Ancestor Model
16,0,8.07,8.95239980172,Sampled Ancestor Model
17,0,8.07,8.93163888155,Sampled Ancestor Model
18,0,8.07,8.99183038179,Sampled Ancestor Model
19,0,8.07,8.98803684926,Sampled Ancestor Model
20,0,8.07,9.01719792018,Sampled Ancestor Model
21,0,8.07,8.90951610519,Sampled Ancestor Model
22,0,8.07,8.99711543136,Sampled Ancestor Model
23,0,8.07,9.02437334826,Sampled Ancestor Model
24,0,8.07,8.94362349085,Sampled Ancestor Model
25,0,8.07,8.90817312456,Sampled Ancestor Model
26,0,8.07,8.95619903731,Sampled Ancestor Model
27,0,8.07,8.91197943818,Sampled Ancestor Model
28,0,8.07,8.99553202854,Sampled Ancestor Model
29,0,8.07,8.95505733107,Sampled Ancestor Model
30,0,8.07,8.9463220817,Sampled Ancestor Model
31,0,8.07,9.00907980631,Sampled Ancestor Model
32,0,8.07,8.9888101358,Sampled Ancestor Model
33,0,8.07,8.94886697417,Sampled Ancestor Model
34,0,8.07,8.95330313306,Sampled Ancestor Model
35,0,8.07,8.88922675116,Sampled Ancestor Model
36,0,8.07,8.97137589193,Sampled Ancestor Model
37,0,8.07,9.03161461249,Sampled Ancestor Model
38,0,8.07,8.93067760164,Sampled Ancestor Model
39,0,8.07,8.95529304541,Sampled Ancestor Model
40,0,8.07,8.96984219454,Sampled Ancestor Model
41,0,8.07,8.94068160782,Sampled Ancestor Model
0,0,17.751,17.9380413294,Sampled Ancestor Model
1,0,17.751,17.9187995886,Sampled Ancestor Model
2,0,17.751,17.9784128855,Sampled Ancestor Model
3,0,17.751,18.0764394737,Sampled Ancestor Model
4,0,17.751,18.0636616075,Sampled Ancestor Model
5,0,17.751,17.9671411299,Sampled Ancestor Model
6,0,17.751,17.9523445961,Sampled Ancestor Model
7,0,17.751,17.8771821518,Sampled Ancestor Model
8,0,17.751,18.1426147499,Sampled Ancestor Model
9,0,17.751,17.9356013226,Sampled Ancestor Model
10,0,17.751,17.945463045,Sampled Ancestor Model
11,0,17.751,18.187934542,Sampled Ancestor Model
12,0,17.751,17.9894764161,Sampled Ancestor Model
13,0,17.751,17.896448575,Sampled Ancestor Model
14,0,17.751,18.0967182681,Sampled Ancestor Model
15,0,17.751,17.9150019191,Sampled Ancestor Model
16,0,17.751,17.9219139623,Sampled Ancestor Model
17,0,17.751,17.9118238977,Sampled Ancestor Model
18,0,17.751,17.9655941313,Sampled Ancestor Model
19,0,17.751,17.9295189229,Sampled Ancestor Model
20,0,17.751,17.9260118451,Sampled Ancestor Model
21,0,17.751,17.9691162712,Sampled Ancestor Model
22,0,17.751,18.0060861819,Sampled Ancestor Model
23,0,17.751,17.9106773508,Sampled Ancestor Model
24,0,17.751,17.9197637891,Sampled Ancestor Model
25,0,17.751,17.9695684078,Sampled Ancestor Model
26,0,17.751,17.9500643782,Sampled Ancestor Model
27,0,17.751,18.1273097029,Sampled Ancestor Model
28,0,17.751,18.018763094,Sampled Ancestor Model
29,0,17.751,17.9106987804,Sampled Ancestor Model
30,0,17.751,18.057273146,Sampled Ancestor Model
31,0,17.751,17.932539615,Sampled Ancestor Model
32,0,17.751,17.9369204542,Sampled Ancestor Model
33,0,17.751,17.9260992,Sampled Ancestor Model
34,0,17.751,17.9460762916,Sampled Ancestor Model
35,0,17.751,18.1601978038,Sampled Ancestor Model
36,0,17.751,17.9186477953,Sampled Ancestor Model
37,0,17.751,17.947185416,Sampled Ancestor Model
38,0,17.751,18.0353252485,Sampled Ancestor Model
39,0,17.751,18.3899885089,Sampled Ancestor Model
40,0,17.751,18.1510598258,Sampled Ancestor Model
41,0,17.751,17.9552705817,Sampled Ancestor Model
42,0,17.751,17.8752170233,Sampled Ancestor Model
43,0,17.751,18.3099144395,Sampled Ancestor Model
44,0,17.751,18.0034430729,Sampled Ancestor Model
45,0,17.751,18.1035859769,Sampled Ancestor Model
46,0,17.751,18.1663477148,Sampled Ancestor Model
47,0,17.751,18.1252958095,Sampled Ancestor Model
48,0,17.751,18.1865803169,Sampled Ancestor Model
49,0,17.751,17.9232408819,Sampled Ancestor Model
0,0,4.64,5.98598987589,Sampled Ancestor Model
1,0,4.64,5.97330555736,Sampled Ancestor Model
2,0,4.64,5.95102319505,Sampled Ancestor Model
3,0,4.64,5.95642589162,Sampled Ancestor Model
4,0,4.64,5.80513813963,Sampled Ancestor Model
5,0,4.64,5.95795199049,Sampled Ancestor Model
6,0,4.64,5.67755440964,Sampled Ancestor Model
7,0,4.64,5.80635529325,Sampled Ancestor Model
8,0,4.64,5.90567036504,Sampled Ancestor Model
9,0,4.64,6.02073803766,Sampled Ancestor Model
10,0,4.64,5.68958493213,Sampled Ancestor Model
11,0,4.64,5.85876800143,Sampled Ancestor Model
12,0,4.64,5.98782155318,Sampled Ancestor Model
13,0,4.64,6.18403158606,Sampled Ancestor Model
14,0,4.64,5.89085239013,Sampled Ancestor Model
15,0,4.64,6.18866648273,Sampled Ancestor Model
16,0,4.64,6.07219131391,Sampled Ancestor Model
17,0,4.64,5.79310936322,Sampled Ancestor Model
18,0,4.64,5.23485411224,Sampled Ancestor Model
19,0,4.64,5.7318210743,Sampled Ancestor Model
20,0,4.64,5.91101120779,Sampled Ancestor Model
21,0,4.64,5.43875351076,Sampled Ancestor Model
22,0,4.64,5.83740674269,Sampled Ancestor Model
23,0,4.64,5.55416425448,Sampled Ancestor Model
24,0,4.64,5.61244752743,Sampled Ancestor Model
25,0,4.64,5.93040011401,Sampled Ancestor Model
26,0,4.64,5.59982929529,Sampled Ancestor Model
27,0,4.64,5.82848419258,Sampled Ancestor Model
28,0,4.64,5.83904178657,Sampled Ancestor Model
29,0,4.64,5.8942218731,Sampled Ancestor Model
30,0,4.64,5.71813907308,Sampled Ancestor Model
31,0,4.64,5.60113991254,Sampled Ancestor Model
32,0,4.64,5.93118539037,Sampled Ancestor Model
33,0,4.64,5.74218192051,Sampled Ancestor Model
34,0,4.64,5.85007814211,Sampled Ancestor Model
35,0,4.64,5.74440941541,Sampled Ancestor Model
36,0,4.64,5.86862735709,Sampled Ancestor Model
37,0,4.64,5.83207174789,Sampled Ancestor Model
38,0,4.64,5.70549359875,Sampled Ancestor Model
39,0,4.64,5.88454518193,Sampled Ancestor Model
40,0,4.64,6.03327701149,Sampled Ancestor Model
41,0,4.64,6.36156025863,Sampled Ancestor Model
42,0,4.64,6.84356709465,Sampled Ancestor Model
43,0,4.64,5.70063623016,Sampled Ancestor Model
44,0,4.64,6.33753363324,Sampled Ancestor Model
45,0,4.64,6.08099528367,Sampled Ancestor Model
46,0,4.64,5.59229008404,Sampled Ancestor Model
47,0,4.64,5.65618404153,Sampled Ancestor Model
48,0,4.64,5.74614835736,Sampled Ancestor Model
0,0,5.773,7.76814631233,Sampled Ancestor Model
1,0,5.773,7.79036820382,Sampled Ancestor Model
2,0,5.773,7.88178869985,Sampled Ancestor Model
3,0,5.773,7.80619740827,Sampled Ancestor Model
4,0,5.773,7.88761725973,Sampled Ancestor Model
5,0,5.773,7.98468904387,Sampled Ancestor Model
6,0,5.773,7.80906226093,Sampled Ancestor Model
7,0,5.773,7.99331452029,Sampled Ancestor Model
8,0,5.773,8.13717170798,Sampled Ancestor Model
9,0,5.773,7.93682060109,Sampled Ancestor Model
10,0,5.773,7.83442041419,Sampled Ancestor Model
11,0,5.773,7.68361213581,Sampled Ancestor Model
12,0,5.773,7.70849991967,Sampled Ancestor Model
13,0,5.773,7.70416460273,Sampled Ancestor Model
14,0,5.773,7.85448107979,Sampled Ancestor Model
15,0,5.773,8.07779996234,Sampled Ancestor Model
16,0,5.773,7.92996345144,Sampled Ancestor Model
17,0,5.773,7.95199906271,Sampled Ancestor Model
18,0,5.773,7.78514795136,Sampled Ancestor Model
19,0,5.773,7.96821657048,Sampled Ancestor Model
20,0,5.773,8.03442372166,Sampled Ancestor Model
21,0,5.773,7.85302412935,Sampled Ancestor Model
22,0,5.773,7.95449002436,Sampled Ancestor Model
23,0,5.773,7.77594039886,Sampled Ancestor Model
24,0,5.773,7.9358570053,Sampled Ancestor Model
25,0,5.773,7.78363629067,Sampled Ancestor Model
26,0,5.773,8.00644259648,Sampled Ancestor Model
27,0,5.773,7.94129884148,Sampled Ancestor Model
28,0,5.773,7.8595289883,Sampled Ancestor Model
29,0,5.773,7.7950803292,Sampled Ancestor Model
30,0,5.773,8.07543185111,Sampled Ancestor Model
31,0,5.773,7.82744191045,Sampled Ancestor Model
32,0,5.773,7.91522053867,Sampled Ancestor Model
33,0,5.773,7.65877789807,Sampled Ancestor Model
34,0,5.773,8.00404739603,Sampled Ancestor Model
35,0,5.773,7.87319468783,Sampled Ancestor Model
36,0,5.773,7.91452867101,Sampled Ancestor Model
37,0,5.773,7.78300891108,Sampled Ancestor Model
38,0,5.773,8.06222758023,Sampled Ancestor Model
39,0,5.773,7.87481711016,Sampled Ancestor Model
40,0,5.773,8.27770194671,Sampled Ancestor Model
41,0,5.773,7.88759702213,Sampled Ancestor Model
42,0,5.773,7.74601105766,Sampled Ancestor Model
43,0,5.773,7.83461222766,Sampled Ancestor Model
44,0,5.773,7.77592677489,Sampled Ancestor Model
45,0,5.773,7.78351393516,Sampled Ancestor Model
46,0,5.773,7.6919286183,Sampled Ancestor Model
47,0,5.773,7.85647814243,Sampled Ancestor Model
48,0,5.773,7.67681821702,Sampled Ancestor Model
49,0,5.773,7.95617595101,Sampled Ancestor Model
0,0,10.34,10.7223308889,Sampled Ancestor Model
1,0,10.34,10.7295372983,Sampled Ancestor Model
2,0,10.34,10.7643014953,Sampled Ancestor Model
3,0,10.34,10.7215942165,Sampled Ancestor Model
4,0,10.34,10.7543328378,Sampled Ancestor Model
5,0,10.34,10.7282983644,Sampled Ancestor Model
6,0,10.34,10.7670841019,Sampled Ancestor Model
7,0,10.34,10.7432365812,Sampled Ancestor Model
8,0,10.34,10.7781328947,Sampled Ancestor Model
9,0,10.34,10.8267537749,Sampled Ancestor Model
10,0,10.34,10.7462954098,Sampled Ancestor Model
11,0,10.34,10.7518115325,Sampled Ancestor Model
12,0,10.34,10.8288188027,Sampled Ancestor Model
13,0,10.34,10.7426455847,Sampled Ancestor Model
14,0,10.34,10.818112857,Sampled Ancestor Model
15,0,10.34,10.7682481071,Sampled Ancestor Model
16,0,10.34,10.7422670045,Sampled Ancestor Model
17,0,10.34,10.7185807227,Sampled Ancestor Model
18,0,10.34,10.7360877863,Sampled Ancestor Model
19,0,10.34,10.8071874032,Sampled Ancestor Model
20,0,10.34,10.7408223429,Sampled Ancestor Model
21,0,10.34,10.8453842813,Sampled Ancestor Model
22,0,10.34,10.7608880308,Sampled Ancestor Model
23,0,10.34,10.7348705502,Sampled Ancestor Model
24,0,10.34,10.7565742458,Sampled Ancestor Model
25,0,10.34,10.7543979685,Sampled Ancestor Model
26,0,10.34,10.7509265872,Sampled Ancestor Model
27,0,10.34,10.7744911738,Sampled Ancestor Model
28,0,10.34,10.7656020438,Sampled Ancestor Model
29,0,10.34,10.7650015063,Sampled Ancestor Model
30,0,10.34,10.7312193442,Sampled Ancestor Model
31,0,10.34,10.777954441,Sampled Ancestor Model
32,0,10.34,10.7629057973,Sampled Ancestor Model
33,0,10.34,10.7139868962,Sampled Ancestor Model
34,0,10.34,10.7874981395,Sampled Ancestor Model
35,0,10.34,10.7792669729,Sampled Ancestor Model
36,0,10.34,10.7641910869,Sampled Ancestor Model
37,0,10.34,10.8465632321,Sampled Ancestor Model
38,0,10.34,10.812380179,Sampled Ancestor Model
39,0,10.34,10.8299324619,Sampled Ancestor Model
40,0,10.34,10.7420628706,Sampled Ancestor Model
41,0,10.34,10.7528288816,Sampled Ancestor Model
42,0,10.34,10.737883118,Sampled Ancestor Model
43,0,10.34,10.8273474584,Sampled Ancestor Model
44,0,10.34,10.775974095,Sampled Ancestor Model
45,0,10.34,10.7627504021,Sampled Ancestor Model
46,0,10.34,10.7710989645,Sampled Ancestor Model
47,0,10.34,10.7455948127,Sampled Ancestor Model
48,0,10.34,10.730875302,Sampled Ancestor Model
49,0,10.34,10.884511454,Sampled Ancestor Model
0,0,25.38,25.3811178108,Sampled Ancestor Model
1,0,25.38,25.7312310834,Sampled Ancestor Model
2,0,25.38,25.662500616,Sampled Ancestor Model
3,0,25.38,25.3858694796,Sampled Ancestor Model
4,0,25.38,25.4968418919,Sampled Ancestor Model
5,0,25.38,25.5343237915,Sampled Ancestor Model
6,0,25.38,25.5387915768,Sampled Ancestor Model
7,0,25.38,25.9091086231,Sampled Ancestor Model
8,0,25.38,26.0561948794,Sampled Ancestor Model
9,0,25.38,25.5639662674,Sampled Ancestor Model
10,0,25.38,26.126219815,Sampled Ancestor Model
11,0,25.38,25.5218535417,Sampled Ancestor Model
12,0,25.38,25.412395235,Sampled Ancestor Model
13,0,25.38,25.6602857896,Sampled Ancestor Model
14,0,25.38,25.271376896,Sampled Ancestor Model
15,0,25.38,25.4184521374,Sampled Ancestor Model
16,0,25.38,25.3711654492,Sampled Ancestor Model
17,0,25.38,25.6622495201,Sampled Ancestor Model
18,0,25.38,25.4561113065,Sampled Ancestor Model
19,0,25.38,25.4799502031,Sampled Ancestor Model
20,0,25.38,25.4388193925,Sampled Ancestor Model
21,0,25.38,25.4806525961,Sampled Ancestor Model
22,0,25.38,25.5319979788,Sampled Ancestor Model
23,0,25.38,25.789548364,Sampled Ancestor Model
24,0,25.38,25.4698780187,Sampled Ancestor Model
25,0,25.38,25.5249781925,Sampled Ancestor Model
26,0,25.38,25.5491466899,Sampled Ancestor Model
27,0,25.38,25.6546602512,Sampled Ancestor Model
28,0,25.38,25.4491334199,Sampled Ancestor Model
29,0,25.38,25.5129945258,Sampled Ancestor Model
30,0,25.38,25.8820840803,Sampled Ancestor Model
31,0,25.38,25.7736332342,Sampled Ancestor Model
32,0,25.38,25.4749825621,Sampled Ancestor Model
33,0,25.38,25.5138155051,Sampled Ancestor Model
34,0,25.38,25.3741945064,Sampled Ancestor Model
35,0,25.38,25.4327476355,Sampled Ancestor Model
36,0,25.38,25.4237030743,Sampled Ancestor Model
37,0,25.38,25.594547183,Sampled Ancestor Model
38,0,25.38,25.6137277632,Sampled Ancestor Model
39,0,25.38,25.2862619642,Sampled Ancestor Model
40,0,25.38,25.7436825311,Sampled Ancestor Model
41,0,25.38,25.3965029668,Sampled Ancestor Model
42,0,25.38,25.6466081472,Sampled Ancestor Model
43,0,25.38,25.4045484986,Sampled Ancestor Model
44,0,25.38,25.5230606522,Sampled Ancestor Model
0,0,7.19,10.7937567637,Sampled Ancestor Model
1,0,7.19,10.4966041495,Sampled Ancestor Model
2,0,7.19,10.0441119648,Sampled Ancestor Model
3,0,7.19,10.4077457678,Sampled Ancestor Model
4,0,7.19,11.0960796616,Sampled Ancestor Model
5,0,7.19,10.6361592496,Sampled Ancestor Model
6,0,7.19,10.4240460801,Sampled Ancestor Model
7,0,7.19,10.6401478253,Sampled Ancestor Model
8,0,7.19,10.189486733,Sampled Ancestor Model
9,0,7.19,10.303188248,Sampled Ancestor Model
10,0,7.19,10.4715425204,Sampled Ancestor Model
11,0,7.19,11.1823927292,Sampled Ancestor Model
12,0,7.19,12.0653843384,Sampled Ancestor Model
13,0,7.19,10.3431190903,Sampled Ancestor Model
14,0,7.19,10.6813232072,Sampled Ancestor Model
15,0,7.19,10.8446406992,Sampled Ancestor Model
16,0,7.19,11.4628329001,Sampled Ancestor Model
17,0,7.19,9.81004132917,Sampled Ancestor Model
18,0,7.19,10.6923046281,Sampled Ancestor Model
19,0,7.19,11.7266932481,Sampled Ancestor Model
20,0,7.19,10.6681811184,Sampled Ancestor Model
21,0,7.19,10.6560075524,Sampled Ancestor Model
22,0,7.19,10.490705051,Sampled Ancestor Model
23,0,7.19,10.5193733447,Sampled Ancestor Model
24,0,7.19,10.3882648068,Sampled Ancestor Model
25,0,7.19,10.5081916977,Sampled Ancestor Model
26,0,7.19,10.0405618905,Sampled Ancestor Model
27,0,7.19,10.8083826802,Sampled Ancestor Model
28,0,7.19,11.584537506,Sampled Ancestor Model
29,0,7.19,10.1311979902,Sampled Ancestor Model
30,0,7.19,10.7414509774,Sampled Ancestor Model
31,0,7.19,9.75390495568,Sampled Ancestor Model
32,0,7.19,11.0959213788,Sampled Ancestor Model
33,0,7.19,11.1531863913,Sampled Ancestor Model
34,0,7.19,10.0852521357,Sampled Ancestor Model
35,0,7.19,9.97274962501,Sampled Ancestor Model
36,0,7.19,10.7626157264,Sampled Ancestor Model
37,0,7.19,9.89533059913,Sampled Ancestor Model
38,0,7.19,11.511162886,Sampled Ancestor Model
39,0,7.19,11.1729077592,Sampled Ancestor Model
40,0,7.19,11.2332686286,Sampled Ancestor Model
41,0,7.19,10.8131187345,Sampled Ancestor Model
42,0,7.19,11.3081140497,Sampled Ancestor Model
43,0,7.19,10.7876969979,Sampled Ancestor Model
44,0,7.19,11.4894968872,Sampled Ancestor Model
45,0,7.19,10.0836909357,Sampled Ancestor Model
46,0,7.19,9.97476548731,Sampled Ancestor Model
47,0,7.19,9.36936527183,Sampled Ancestor Model
48,0,7.19,9.9269002178,Sampled Ancestor Model
49,0,7.19,10.3483932949,Sampled Ancestor Model
0,0,6.83,7.26398651815,Sampled Ancestor Model
1,0,6.83,7.30633458418,Sampled Ancestor Model
2,0,6.83,7.44994331183,Sampled Ancestor Model
3,0,6.83,7.41546870935,Sampled Ancestor Model
4,0,6.83,7.16039313408,Sampled Ancestor Model
5,0,6.83,7.49019086396,Sampled Ancestor Model
6,0,6.83,7.40742810445,Sampled Ancestor Model
7,0,6.83,7.39939513339,Sampled Ancestor Model
8,0,6.83,7.16637214638,Sampled Ancestor Model
9,0,6.83,7.30235810674,Sampled Ancestor Model
10,0,6.83,7.20571705383,Sampled Ancestor Model
11,0,6.83,7.11385778651,Sampled Ancestor Model
12,0,6.83,7.56624665426,Sampled Ancestor Model
13,0,6.83,7.18303008619,Sampled Ancestor Model
14,0,6.83,7.48192562396,Sampled Ancestor Model
15,0,6.83,7.35351787184,Sampled Ancestor Model
16,0,6.83,7.50492903396,Sampled Ancestor Model
17,0,6.83,7.32756476773,Sampled Ancestor Model
18,0,6.83,7.99000789687,Sampled Ancestor Model
19,0,6.83,7.17826396603,Sampled Ancestor Model
20,0,6.83,7.23692417499,Sampled Ancestor Model
21,0,6.83,7.36336774728,Sampled Ancestor Model
22,0,6.83,7.43420253933,Sampled Ancestor Model
23,0,6.83,7.65087292098,Sampled Ancestor Model
24,0,6.83,7.19572389816,Sampled Ancestor Model
25,0,6.83,7.41085629938,Sampled Ancestor Model
26,0,6.83,6.23156037841,Sampled Ancestor Model
27,0,6.83,7.17334126821,Sampled Ancestor Model
28,0,6.83,7.43618157619,Sampled Ancestor Model
29,0,6.83,7.3468439136,Sampled Ancestor Model
30,0,6.83,7.46860483455,Sampled Ancestor Model
31,0,6.83,7.59896152522,Sampled Ancestor Model
32,0,6.83,7.40547818177,Sampled Ancestor Model
33,0,6.83,7.59173968854,Sampled Ancestor Model
34,0,6.83,7.25918755391,Sampled Ancestor Model
35,0,6.83,7.4085335231,Sampled Ancestor Model
36,0,6.83,7.61225391061,Sampled Ancestor Model
37,0,6.83,7.36536427869,Sampled Ancestor Model
38,0,6.83,7.16801153128,Sampled Ancestor Model
39,0,6.83,7.1759342562,Sampled Ancestor Model
40,0,6.83,7.13581130234,Sampled Ancestor Model
41,0,6.83,7.58769483555,Sampled Ancestor Model
42,0,6.83,7.23008429319,Sampled Ancestor Model
43,0,6.83,7.09693901623,Sampled Ancestor Model
44,0,6.83,7.38114146588,Sampled Ancestor Model
45,0,6.83,7.22472551984,Sampled Ancestor Model
46,0,6.83,7.16568693398,Sampled Ancestor Model
0,0,8.34,8.8249694228,Sampled Ancestor Model
1,0,8.34,8.80593927607,Sampled Ancestor Model
2,0,8.34,8.81532400679,Sampled Ancestor Model
3,0,8.34,8.78962611538,Sampled Ancestor Model
4,0,8.34,8.82226321574,Sampled Ancestor Model
5,0,8.34,8.85608110025,Sampled Ancestor Model
6,0,8.34,8.82647764311,Sampled Ancestor Model
7,0,8.34,8.81854284288,Sampled Ancestor Model
8,0,8.34,8.8607359195,Sampled Ancestor Model
9,0,8.34,8.73751453017,Sampled Ancestor Model
10,0,8.34,8.75688655653,Sampled Ancestor Model
11,0,8.34,8.74450907189,Sampled Ancestor Model
12,0,8.34,8.79083999211,Sampled Ancestor Model
13,0,8.34,8.75621519097,Sampled Ancestor Model
14,0,8.34,8.84950631619,Sampled Ancestor Model
15,0,8.34,8.78420531033,Sampled Ancestor Model
16,0,8.34,8.82958657506,Sampled Ancestor Model
17,0,8.34,8.84136191392,Sampled Ancestor Model
18,0,8.34,8.83212176821,Sampled Ancestor Model
19,0,8.34,8.82706335246,Sampled Ancestor Model
20,0,8.34,8.86128670614,Sampled Ancestor Model
21,0,8.34,8.77062927561,Sampled Ancestor Model
22,0,8.34,8.78101409544,Sampled Ancestor Model
23,0,8.34,8.7463787841,Sampled Ancestor Model
24,0,8.34,8.79862532623,Sampled Ancestor Model
25,0,8.34,8.79746684612,Sampled Ancestor Model
26,0,8.34,8.77843347288,Sampled Ancestor Model
27,0,8.34,8.82667548234,Sampled Ancestor Model
28,0,8.34,8.78842158667,Sampled Ancestor Model
29,0,8.34,8.85410542454,Sampled Ancestor Model
30,0,8.34,8.80834480502,Sampled Ancestor Model
31,0,8.34,8.80004603378,Sampled Ancestor Model
32,0,8.34,8.77206226177,Sampled Ancestor Model
33,0,8.34,8.72875906924,Sampled Ancestor Model
34,0,8.34,8.83718389485,Sampled Ancestor Model
35,0,8.34,8.90152096105,Sampled Ancestor Model
36,0,8.34,8.82590757748,Sampled Ancestor Model
37,0,8.34,8.78663770948,Sampled Ancestor Model
38,0,8.34,8.82303839068,Sampled Ancestor Model
39,0,8.34,8.76366453397,Sampled Ancestor Model
0,0,7.21,8.24342645667,Sampled Ancestor Model
1,0,7.21,8.3006648828,Sampled Ancestor Model
2,0,7.21,8.22812695162,Sampled Ancestor Model
3,0,7.21,8.11728498263,Sampled Ancestor Model
4,0,7.21,8.21303270691,Sampled Ancestor Model
5,0,7.21,8.21338873325,Sampled Ancestor Model
6,0,7.21,8.17770718451,Sampled Ancestor Model
7,0,7.21,8.12538444094,Sampled Ancestor Model
8,0,7.21,8.20847653368,Sampled Ancestor Model
9,0,7.21,8.21321743726,Sampled Ancestor Model
10,0,7.21,8.26129948654,Sampled Ancestor Model
11,0,7.21,8.21254529128,Sampled Ancestor Model
12,0,7.21,8.16387862516,Sampled Ancestor Model
13,0,7.21,8.27119518779,Sampled Ancestor Model
14,0,7.21,8.25989053781,Sampled Ancestor Model
15,0,7.21,8.29836618818,Sampled Ancestor Model
16,0,7.21,8.16946352988,Sampled Ancestor Model
17,0,7.21,8.07843029215,Sampled Ancestor Model
18,0,7.21,8.16140728838,Sampled Ancestor Model
19,0,7.21,8.25736129779,Sampled Ancestor Model
20,0,7.21,8.14109881396,Sampled Ancestor Model
21,0,7.21,8.17306964522,Sampled Ancestor Model
22,0,7.21,8.20313868928,Sampled Ancestor Model
23,0,7.21,8.24620147545,Sampled Ancestor Model
24,0,7.21,8.21985430734,Sampled Ancestor Model
25,0,7.21,8.21656868772,Sampled Ancestor Model
26,0,7.21,8.24376766894,Sampled Ancestor Model
27,0,7.21,8.25680117257,Sampled Ancestor Model
28,0,7.21,8.1928698971,Sampled Ancestor Model
29,0,7.21,8.2454718989,Sampled Ancestor Model
30,0,7.21,8.24991622041,Sampled Ancestor Model
31,0,7.21,8.24657100457,Sampled Ancestor Model
32,0,7.21,8.23666384817,Sampled Ancestor Model
33,0,7.21,8.17138557559,Sampled Ancestor Model
34,0,7.21,8.1684665188,Sampled Ancestor Model
35,0,7.21,8.17357425562,Sampled Ancestor Model
36,0,7.21,8.28052587103,Sampled Ancestor Model
37,0,7.21,8.2195432411,Sampled Ancestor Model
38,0,7.21,8.22522795515,Sampled Ancestor Model
39,0,7.21,8.23720997008,Sampled Ancestor Model
40,0,7.21,8.21733295664,Sampled Ancestor Model
41,0,7.21,7.91929028773,Sampled Ancestor Model
42,0,7.21,8.19983696983,Sampled Ancestor Model
43,0,7.21,8.19123985534,Sampled Ancestor Model
44,0,7.21,8.22788426121,Sampled Ancestor Model
45,0,7.21,8.23985727304,Sampled Ancestor Model
46,0,7.21,8.2451092747,Sampled Ancestor Model
47,0,7.21,8.29080342073,Sampled Ancestor Model
48,0,7.21,8.21141118439,Sampled Ancestor Model
